{"0014": "algebra geometrica", "0088": "conjuntos convexos", "0271": "conjuntos y logica", "0574": "dise\u00f1o de sistemas digitales", "0419": "electromagnetismo i", "0302": "fenomenos colectivos", "0250": "geometria moderna ii", "0251": "geometria proyectiva", "0422": "graficas y juegos", "0224": "introduccion a ciencias de la computacion i", "0339": "introduccion a ciencias de la computacion ii", "0272": "introduccion a la geometria avanzada", "0416": "matematicas discretas", "0228": "mecanica vectorial", "0625": "probabilidad i", "0764": "teoria de los numeros i", "0777": "teoria de los numeros ii"}