{"0002": "algebra moderna ii", "0414": "analisis de algoritmos i", "0036": "analisis numerico i", "0605": "arquitectura de computadoras", "0083": "calculo de variaciones", "1609": "economia i", "0163": "ecuaciones diferenciales ii", "0609": "electromagnetismo ii", "0398": "estadistica i", "0399": "estadistica ii", "0246": "geometria diferencial i", "0247": "geometria diferencial ii", "0286": "historia de las matematicas i", "0287": "historia de las matematicas ii", "0582": "introduccion a la fisica cuantica", "0356": "introduccion matematica a la mecanica celeste", "1506": "investigacion de operaciones", "0607": "lenguajes de programacion y sus paradigmas", "0445": "logica matematica i", "0610": "matematicas avanzadas de la fisica", "0611": "mecanica analitica", "0891": "muestreo", "0584": "optica", "0626": "probabilidad ii", "0621": "programacion lineal", "0951": "seminario de ciencia y sociedad i", "0721": "series de fourier y teoria de sturm louville", "0273": "sistemas dinamicos discretos i", "0713": "sistemas operativos", "0576": "teoria de la computacion", "0947": "teoria de la medida i", "0759": "teoria de las graficas i", "0760": "teoria de los conjuntos i", "0612": "termodinamica", "0765": "topologia i"}