{"0003": "algebra moderna iii", "0004": "algebra moderna iv", "0026": "analisis de fourier i", "0027": "analisis de fourier ii", "0078": "analisis de regresion", "0011": "analisis matematico iii", "0012": "analisis matematico iv", "0275": "biologia matematica i", "0276": "biologia matematica ii", "0269": "complejidad computacional", "0827": "dinamica de medios deformables", "1706": "econometria i", "1063": "econometria ii", "1710": "economia ii", "0164": "ecuaciones diferenciales iii", "0165": "ecuaciones diferenciales parciales i", "0183": "ecuaciones diferenciales parciales ii", "0395": "ecuaciones integrales i", "0411": "estadistica bayesiana", "1712": "estadistica iii", "0715": "fisica computacional", "0829": "fisica estadistica", "0242": "geometria algebraica i", "0243": "geometria algebraica ii", "0248": "geometria diferencial iii", "0252": "geometria riemanniana i", "0253": "geometria riemanniana ii", "0298": "geometria sumatoria i", "0575": "ingenieria de software", "0608": "inteligencia artificial", "0351": "introduccion a las funciones recursivas y computabilidad", "0446": "logica matematica ii", "0447": "logica matematica iii", "0717": "mecanica cuantica", "0630": "procesos estocasticos i", "0631": "procesos estocasticos ii", "0632": "programacion dinamica", "0633": "programacion entera", "0634": "programacion no lineal", "0714": "redes de computadoras", "0718": "relatividad 06", "0742": "seminario de algebra a", "0705": "seminario de algebra b", "0975": "seminario de analisis combinatorio", "0743": "seminario de analisis matematico a", "0706": "seminario de analisis matematico b", "0954": "seminario de ciencia y sociedad ii", "0748": "seminario de estadistica a", "0708": "seminario de estadistica b", "0750": "seminario de filosofia de las matematicas", "0745": "seminario de geometria a", "0709": "seminario de geometria b", "0982": "seminario de historia y filosofia de la ciencia i", "0983": "seminario de historia y filosofia de la ciencia ii", "0987": "seminario de historia y filosofia de la ciencia iii", "0990": "seminario de historia y filosofia de la ciencia iv", "0735": "seminario de matematicas aplicadas i", "0736": "seminario de matematicas aplicadas ii", "0749": "seminario de probabilidad a", "0710": "seminario de probabilidad b", "0810": "seminario de temas selectos de computacion", "0977": "seminario de topologia a", "0712": "seminario de topologia b", "0751": "seminario sobre la ense\u00f1anza de las matematicas i", "0754": "seminario sobre la ense\u00f1anza de las matematicas ii", "0984": "seminario sobre la ense\u00f1anza de las matematicas iii", "0988": "seminario sobre la ense\u00f1anza de las matematicas iv", "0724": "simulacion y control", "0274": "sistemas dinamicos discretos ii", "1089": "temas selectos de analisis numerico", "0944": "teoria de colas", "0945": "teoria de inventarios, mantenimiento y reemplazo", "0946": "teoria de juegos i", "0950": "teoria de juegos ii", "0948": "teoria de la medida ii", "0929": "teoria de las decisiones", "0277": "teoria de las graficas ii", "0779": "teoria de los conjuntos ii", "0941": "teoria de los conjuntos iii", "0442": "teoria de redes", "0937": "topologia diferencial i", "0939": "topologia diferencial ii", "0766": "topologia ii", "0767": "topologia iii", "0841": "variable compleja ii", "0842": "variable compleja iii", "1707": "   analisis numerico  10", "0991": "   seminario de investigacion de operaciones   10"}